INSERT INTO "PUBLIC"."COLLEGUE" VALUES
(X'1d882566a0a446b7b3a3cd6c55ef0fd6', 'user@dev.fr', '$2a$10$FyKOmfKgzCbzYX96Tprpnu2Ru7HJYZXWEAqC.FYPkTyhRUkNEj.Ku', 'User', 'DEV', 0),
(X'de5bdf35a2df41abb13149b9f636db79', 'manager@dev.fr', '$2a$10$ITGbhbClrE.GKjlXX/d/zuhSgpW1xUCV3P7CCIO3dwEELwgVBxXYC', 'Manager', 'DEV', 2),
(X'6c744b0fd1cc4e228d97637af1137bb4', 'admin@dev.fr', '$2a$10$EwNV3Q04aEq/YPd2CSn/IOeaI9qtYxAy8I3jNBj0.IHoeDBEMnmHC', 'Admin', 'DEV', 1);         
        
INSERT INTO "PUBLIC"."NATURE" VALUES
(X'7436dc05095c4e8f996db3b98c7553b9', DATE '2020-09-08', DATE '2019-11-08', TRUE, NULL, 'Formation', TRUE, 150.00, 10.00, NULL, TRUE),
(X'9f7a17b8e93d47d8a85b1388bd568350', DATE '2020-09-08', DATE '2019-11-08', TRUE, NULL, 'Conseil', TRUE, 150.00, 3.50, 750.00, TRUE),
(X'c421ba047a8c411580dbfa2b5b8ac0c5', DATE '2020-09-08', DATE '2019-11-08', TRUE, NULL, 'Expertise technique', TRUE, 150.00, 4.00, 1000.00, TRUE);           

INSERT INTO "PUBLIC"."NOTE_DE_FRAIS" VALUES
(X'98466ce38e3345e885f9727cc387130f', DATE '2020-09-08', DATE '2020-09-08', 200.15),
(X'd1b0b28eaf3a4705b866d2631ca2a67f', DATE '2020-09-08', DATE '2020-09-08', 0.00),
(X'4f78197b7a954853a551d85800f193c6', DATE '2020-09-08', DATE '2020-09-08', 0.00),
(X'1d313ec6e9c74ce88e1d1a123afbf809', DATE '2020-09-08', DATE '2020-09-08', 0.00),
(X'32eb63b6a3554ed9a077ab95c45708c9', DATE '2020-09-08', DATE '2020-09-08', 0.00),
(X'8e6467afcab44fc1b7f5d1f2e53c06f3', DATE '2020-09-08', DATE '2020-09-08', 0.00),
(X'33f731f52def49cd820668182a160382', DATE '2020-09-08', DATE '2020-09-08', 0.00);


INSERT INTO "PUBLIC"."LIGNE_DE_FRAIS" VALUES
(X'a65c7480235647858c244be1688d6f6d', DATE '2020-09-08', 200.00, 'hotel bien cher', X'98466ce38e3345e885f9727cc387130f'),
(X'83f6216f219542c2a61bfb2bf62f346a', DATE '2020-09-08', 0.15, 'petit pain', X'98466ce38e3345e885f9727cc387130f');      
             
INSERT INTO "PUBLIC"."MISSION" VALUES
(X'f4cd87f391634d68b19190037fa67c3f', DATE '2020-09-08', DATE '2020-09-08', DATE '2020-09-18', 1000.00, 2, FALSE, 1, 'Donaldville', 'Mickeyville', X'6c744b0fd1cc4e228d97637af1137bb4', X'c421ba047a8c411580dbfa2b5b8ac0c5', X'98466ce38e3345e885f9727cc387130f'),
(X'00580a44c0564d668caaf1ecf1f84fd6', DATE '2020-09-08', DATE '2020-05-02', DATE '2020-05-08', 500.00, 2, FALSE, 1, 'Donaldville', 'Mickeyville', X'6c744b0fd1cc4e228d97637af1137bb4', X'c421ba047a8c411580dbfa2b5b8ac0c5', X'd1b0b28eaf3a4705b866d2631ca2a67f'),
(X'76860ada5c2d4660a4f46f53be2659df', DATE '2020-09-08', DATE '2020-07-30', DATE '2020-08-06', 100.00, 2, FALSE, 1, 'Donaldville', 'Mickeyville', X'6c744b0fd1cc4e228d97637af1137bb4', X'c421ba047a8c411580dbfa2b5b8ac0c5', X'4f78197b7a954853a551d85800f193c6'),
(X'08e426a714514156a30b00af8fcff27b', DATE '2020-09-08', DATE '2019-07-30', DATE '2019-08-06', 100.00, 2, FALSE, 1, 'Donaldville', 'Mickeyville', X'6c744b0fd1cc4e228d97637af1137bb4', X'c421ba047a8c411580dbfa2b5b8ac0c5', X'1d313ec6e9c74ce88e1d1a123afbf809'),
(X'f134857e83ce4191b58125265542dae8', DATE '2020-09-08', DATE '2020-09-19', DATE '2020-09-28', 1000.00, 0, FALSE, 1, 'Donaldville', 'Mickeyville', X'6c744b0fd1cc4e228d97637af1137bb4', X'c421ba047a8c411580dbfa2b5b8ac0c5', X'33f731f52def49cd820668182a160382'),
(X'1f575017d41547608fdc293315da6375', DATE '2020-09-08', DATE '2020-10-03', DATE '2020-10-16', NULL, 1, FALSE, 1, 'Donaldville', 'Mickeyville', X'1d882566a0a446b7b3a3cd6c55ef0fd6', X'7436dc05095c4e8f996db3b98c7553b9', X'32eb63b6a3554ed9a077ab95c45708c9'),
(X'fc485f7addd04bae99db4c20c6d861c0', DATE '2020-09-08', DATE '2020-10-03', DATE '2020-10-16', NULL, 1, FALSE, 1, 'Donaldville', 'Mickeyville', X'1d882566a0a446b7b3a3cd6c55ef0fd6', X'7436dc05095c4e8f996db3b98c7553b9', X'8e6467afcab44fc1b7f5d1f2e53c06f3');              

